model,mse,r2,pearson_ic,spearman_rankic,daily_ic_mean,daily_rankic_mean,daily_rankic_std
mlp,0.00374573775880384,-0.012302965683025358,0.009762244058696074,0.04365279499821036,0.0304311860731184,0.042980140407453196,0.208987903782289
