model,mse,r2,pearson_ic,spearman_rankic,daily_ic_mean,daily_rankic_mean,daily_rankic_std
random_forest,0.003715604152699005,-0.004159219166080197,0.04705321104884112,0.020608419373422095,0.03851285341305508,0.025816404257170824,0.14891859029854965
xgboost,0.00373043165274665,-0.00816641967994891,0.0399106058987395,0.016931046798024162,0.030507680144869456,0.02083825124638695,0.1471322267330543
lightgbm,0.003760112054590991,-0.016187685647934158,0.03302347201067221,0.023213969952407165,0.025167313512223132,0.024513051119902558,0.13236784112083455
mlp,0.00374573775880384,-0.012302965683025358,0.009762244058696074,0.04365279499821036,0.0304311860731184,0.042980140407453196,0.208987903782289
